PLOT,TAG,SPECIES,TRANSECT,METER,CanopyCover,slope,aspect,DBH,Lat,Long,y.utm,x.utm,LATE.11.sampled,RESULT.LATE 11,PEAK.11.sampled,RESULT.PEAK.11,EARLY.11.sampled,RESULT.EARLY.11,LATE.10.sampled,RESULT.LATE.10,PEAK.10.sampled,RESULT.PEAK.10,EARLY.10.sampled,RESULT. EARLY.10,LATE.09.sampled,RESULT.LATE.09,PEAK.09.sampled,RESULT.PEAK.09,EARLY.09.sampled,RESULT.EARLY.09,PEAK.12.sampled,RESULT.PEAK.12,Hotplot
0,665,UMCA,1,100,98.9575,25,354,20.5,37.53382729,-122.3776942,4154275.611,554982.2782,1,pram,1,culture,1,culture,0,na,0,na,0,na,1,pram,1,pram,1,neg,1,culture,0
0,674,UMCA,1,80,92.7025,24,18,37.5,37.53394975,-122.3773798,4154289.382,555009.966,1,culture,1,culture,1,pram,1,neg,1,pram,1,pram,1,pram,1,pram,1,culture,1,culture,0
0,685,UMCA,1,70,94.7875,30,55,33.3,37.53405302,-122.3772355,4154300.923,555022.6348,1,culture,1,culture,1,neg,1,neg,0,na,0,na,1,pram,1,neg,1,pram,1,culture,0
0,691,UMCA,1,60,100,35,26,41,37.53405939,-122.3770375,4154301.746,555040.1299,1,pram,1,culture,1,culture,1,neg,1,neg,1,pram,1,pram,1,pram,1,neg,1,neg,0
0,741,UMCA,3,40,89.575,22,64,19.7,37.53458544,-122.3765227,4154360.41,555085.22,1,pram,1,culture,1,pram,1,neg,1,pram,1,pram,1,pram,1,pram,1,neg,1,neg,0
0,754,UMCA,1,0,96.8725,32,354,26.8,37.53430598,-122.3765065,4154329.415,555086.8621,1,neg,1,neg,1,neg,1,neg,1,neg,1,pram,1,neg,1,neg,1,neg,1,neg,0
0,785,UMCA,2,50,89.575,32,324,24.9,37.53435594,-122.3760673,4154335.215,555125.63,1,pram,1,culture,1,pram,0,na,1,neg,0,na,1,neg,1,neg,1,neg,1,culture,0
0,788,UMCA,2,30,98.9575,22,355,51.3,37.5342562,-122.3762166,4154324.062,555112.5073,1,culture,1,culture,1,culture,1,neg,1,neg,1,neg,1,pram,1,neg,1,pram,1,neg,0
0,797,UMCA,1,5,95.83,32,354,31,37.53418998,-122.376587,4154316.498,555079.8308,1,pram,1,neg,1,pram,1,neg,1,neg,0,na,1,neg,1,neg,0,na,1,neg,0
0,2038,UMCA,5,20,100,33,94,14,37.53436575,-122.3763325,4154336.148,555102.1921,0,na,1,neg,0,na,0,na,0,na,0,na,1,neg,1,pram,1,neg,1,neg,0
0,2053,UMCA,5,10,,,,41,37.53438167,-122.3764743,4154337.831,555089.6505,0,na,0,na,0,na,0,na,0,na,0,na,0,na,0,na,0,na,0,na,0
0,2060,UMCA,4,10,96.8725,32,354,23.4,37.53416081,-122.3765498,4154313.284,555083.1406,1,pram,1,culture,1,pram,0,na,0,na,0,na,1,neg,1,pram,1,neg,1,culture,0
0,2096,UMCA,1,90,98.9575,25,354,28.5,37.55565595,-122.3943609,4156687.78,553494.1535,1,pram,1,culture,1,culture,1,pram,1,pram,1,neg,1,pram,1,neg,1,pram,1,culture,0
0,2097,UMCA,5,25,100,33,94,16.5,37.53436575,-122.3763325,4154336.148,555102.1921,1,pram,1,culture,1,pram,0,na,1,pram,0,na,1,neg,1,neg,1,pram,1,neg,0
0,2098,UMCA,1,50,92.7025,28,20,19.3,37.53407674,-122.3769019,4154303.75,555052.0993,1,pram,1,culture,1,culture,1,neg,1,neg,1,pram,1,pram,1,neg,1,neg,1,culture,0
0,2192,UMCA,4,25,94.7875,29,30,51.3,37.53399803,-122.3764393,4154295.289,555093.0285,0,na,0,na,0,na,0,na,1,pram,0,na,0,na,1,pram,1,pram,1,culture,0
0,2485,UMCA,4,45,88.5325,30,1,33,37.53381246,-122.3765713,4154274.623,555081.5008,1,pram,1,culture,1,culture,1,pram,1,pram,1,unk,1,pram,1,neg,0,na,1,neg,0
0,2488,UMCA,4,55,95.83,28,356,31,37.5337537,-122.3766272,4154268.071,555076.6043,1,pram,1,pram,1,pram,1,neg,1,neg,1,pram,1,pram,1,pram,0,na,1,neg,0
0,2489,UMCA,4,65,95.83,24,22,28.8,37.53366997,-122.3765258,4154258.841,555085.6195,1,pram,1,pram,1,neg,1,neg,1,pram,1,pram,1,pram,1,na,0,na,0,na,0
0,2490,UMCA,4,90,100,20,34,26.5,37.5335729,-122.3764023,4154248.144,555096.6067,1,pram,1,culture,1,culture,1,neg,1,pram,1,pram,1,pram,1,pram,0,na,1,culture,0
0,2491,UMCA,4,100,90.6175,15,50,39.6,37.53351289,-122.3762769,4154241.56,555107.7293,1,culture,1,culture,1,culture,1,neg,1,neg,1,neg,1,neg,1,neg,0,na,1,culture,0
0,2492,UMCA,5,30,,,,60.2,37.53452777,-122.3763663,4154354.103,555099.0813,0,na,0,na,0,na,0,na,0,na,0,na,1,neg,1,pram,0,na,0,na,0
0,2493,UMCA,5,35,100,40,72,32.3,37.53452777,-122.3763663,4154354.103,555099.0813,1,pram,1,culture,1,neg,1,neg,1,neg,1,pram,1,neg,1,neg,0,na,1,neg,0
0,2494,UMCA,5,55,91.66,32,110,17.4,37.53464168,-122.3762352,4154366.818,555110.5865,1,culture,1,culture,1,pram,1,neg,1,pram,1,neg,1,neg,1,neg,0,na,1,culture,0
0,2495,UMCA,5,65,100,18,40,21.6,37.53468066,-122.3760859,4154371.23,555123.7476,1,culture,1,culture,1,culture,1,neg,1,neg,1,pram,1,neg,1,neg,0,na,1,neg,0
0,2496,UMCA,5,80,90.6175,26,327,17,37.53481711,-122.3759891,4154386.425,555132.2004,0,na,1,culture,0,na,0,na,1,neg,1,neg,1,neg,1,pram,0,na,1,neg,0
0,2497,UMCA,5,100,100,32,358,34.3,37.53482541,-122.3757956,4154387.46,555149.2857,1,neg,1,culture,1,culture,1,neg,1,culture,1,neg,1,pram,1,neg,0,na,1,neg,0
0,2489s,UMCA,4,70,95.83,24,22,28.8,37.53366997,-122.3765258,4154258.841,555085.6195,1,culture,1,culture,1,neg,1,unk,1,culture,1,culture,0,na,1,pram,0,na,1,neg,0
1,1918,UMCA,2,100,93.745,22,334,12.8,37.47715834,-122.3249859,4148020.61,559684.2461,1,culture,1,culture,1,neg,na,unk,1,neg,1,neg,1,pram,1,pram,1,pram,1,neg,0
1,1993,UMCA,1,55,100,4,40,54.9,37.47716362,-122.3238647,4148021.907,559783.3733,0,na,0,na,0,na,na,unk,0,na,0,na,1,pram,0,na,0,na,1,neg,0
1,1994,UMCA,1,60,100,4,40,29.1,37.47716362,-122.3238647,4148021.907,559783.3733,1,culture,1,culture,1,neg,na,unk,1,pram,1,pram,1,pram,1,neg,1,pram,1,culture,0
1,2082,UMCA,1,40,85.405,7,40,2.7,37.47697536,-122.3239331,4148000.978,559777.4754,0,na,1,culture,0,na,na,unk,0,na,0,na,1,neg,1,neg,0,na,1,culture,0
1,2083,UMCA,1,25,97.915,7,18,8.6,37.47680546,-122.3238716,4147982.167,559783.0512,0,na,1,culture,1,neg,na,unk,0,na,0,na,1,neg,1,neg,0,na,1,culture,0
1,2084,UMCA,1,30,90.6175,7,40,4.2,37.47683748,-122.3238619,4147985.726,559783.878,0,na,1,culture,1,neg,na,unk,0,na,0,na,1,neg,0,na,0,na,1,culture,0
1,2085,UMCA,3,95,100,6,30,45,37.47608478,-122.322824,4147902.877,559876.2513,0,na,0,na,0,na,na,unk,0,na,1,unk,1,pram,1,neg,1,pram,1,culture,0
1,2086,UMCA,3,100,18.685,10,8,8,37.47608478,-122.322824,4147902.877,559876.2513,1,na,1,pram,1,neg,na,unk,1,neg,0,na,1,pram,0,na,0,na,1,neg,0
2,1100,UMCA,3,100,80.1925,20,6,21.9,37.84187917,-122.2664995,4188524.322,564539.0121,1,pram,1,pram,1,pram,1,culture,1,culture,0,na,1,neg,1,neg,1,neg,1,culture,1
2,1104,UMCA,1,60,100,30,351,50.3,37.57738193,-122.4121841,4159088.184,551904.83,1,culture,1,pram,1,pram,1,culture,1,culture,1,culture,1,neg,1,culture,1,neg,1,neg,1
2,1116,UMCA,1,40,100,30,62,5.5,37.57741445,-122.4122567,4159091.752,551898.3907,1,pram,1,culture,1,pram,1,culture,1,culture,1,culture,1,culture,1,pram,1,culture,1,neg,1
2,1118,UMCA,1,30,100,34,92,11.7,37.57751754,-122.4123093,4159103.16,551893.679,1,pram,1,culture,1,pram,1,culture,1,culture,1,culture,1,pram,1,culture,1,neg,1,neg,1
2,1142,UMCA,2,70,100,32,354,8.8,37.57784695,-122.4130087,4159139.32,551831.6876,1,culture,1,culture,1,pram,1,culture,1,culture,1,neg,1,pram,1,neg,1,neg,1,neg,1
2,1160,UMCA,2,10,95.83,40,54,10,37.57772835,-122.4123944,4159126.501,551886.0131,1,culture,1,culture,1,pram,1,culture,1,culture,1,pram,1,pram,1,neg,1,neg,1,culture,1
2,1161,UMCA,1,0,94.7875,28,62,17.5,37.57778778,-122.4122769,4159133.16,551896.3479,1,neg,1,neg,1,pram,1,culture,1,neg,1,pram,1,neg,1,neg,1,neg,1,neg,1
2,1166,UMCA,3,10,97.915,18,68,6.2,37.57778769,-122.4121806,4159133.203,551904.8521,1,pram,1,culture,1,culture,1,culture,1,culture,1,neg,1,neg,1,neg,1,neg,1,culture,1
2,1173,UMCA,3,20,100,30,50,17.4,37.57804234,-122.4122684,4159161.407,551896.9262,1,pram,1,culture,1,culture,1,pram,1,culture,1,culture,1,pram,1,culture,0,na,1,neg,1
2,1175,UMCA,3,30,51.0025,28,12,6.6,37.57796547,-122.4121633,4159152.937,551906.2607,1,culture,1,pram,1,culture,1,neg,1,culture,1,pram,1,pram,1,pram,1,neg,1,neg,1
2,1186,UMCA,3,70,78.1075,24,294,6,37.57808056,-122.4120799,4159165.751,551913.5449,1,culture,1,culture,1,pram,1,neg,1,culture,1,pram,1,neg,1,neg,1,pram,1,culture,1
2,1392,UMCA,1,100,93.745,36,349,5,37.57696744,-122.4122195,4159042.178,551901.9875,1,culture,1,culture,1,culture,1,culture,1,culture,1,culture,1,pram,1,pram,0,na,1,culture,1
2,1396,UMCA,1,80,6.175,30,336,34.4,37.57721915,-122.4122052,4159070.112,551903.0781,1,pram,1,pram,1,pram,1,culture,1,culture,1,culture,1,neg,1,culture,1,pram,1,neg,1
2,2437,UMCA,3,80,85.405,18,264,7.4,37.84187917,-122.2664995,4188524.322,564539.0121,1,culture,1,culture,1,culture,1,neg,1,neg,1,pram,1,pram,1,pram,1,pram,1,neg,1
2,2438,UMCA,3,90,85.405,18,359,3.6,37.84187917,-122.2664995,4188524.322,564539.0121,1,pram,1,culture,1,culture,1,culture,1,neg,1,pram,1,neg,1,culture,0,na,1,neg,1
2,2439,UMCA,3,50,93.745,30,290,23,37.57808953,-122.4120097,4159166.785,551919.7338,1,pram,1,culture,1,culture,1,culture,1,culture,1,unk,1,neg,1,pram,0,na,1,culture,1
2,2440,UMCA,3,40,91.66,30,290,42,37.57795366,-122.4122635,4159151.571,551897.4169,1,culture,1,culture,1,culture,1,culture,1,culture,1,culture,1,neg,1,neg,0,na,1,culture,1
2,2441,UMCA,3,60,86.4475,24,288,9.5,37.57830653,-122.4121425,4159190.787,551907.8597,1,culture,1,culture,1,culture,1,pram,1,culture,1,pram,1,neg,1,culture,0,na,1,neg,1
2,2442,UMCA,2,20,95.83,28,62,11.5,37.57761209,-122.4125782,4159113.501,551869.8696,1,culture,1,culture,1,pram,1,pram,1,culture,1,neg,1,pram,1,pram,1,pram,1,culture,1
2,2443,UMCA,2,30,100,40,22,1.5,37.57771871,-122.4127135,4159125.256,551857.8504,1,culture,1,culture,0,na,1,neg,1,pram,1,neg,1,neg,1,neg,0,na,1,culture,1
2,2444,UMCA,2,40,100,40,22,1.5,37.57785936,-122.4128221,4159140.8,551848.1609,1,pram,1,culture,1,pram,0,na,0,na,1,pram,1,pram,1,pram,1,neg,1,neg,1
2,2445,UMCA,2,50,100,38,18,3,37.5778431,-122.4128441,4159138.984,551846.2261,1,culture,1,culture,1,pram,1,neg,1,pram,1,neg,1,pram,1,pram,0,na,1,neg,1
2,2446,UMCA,2,60,100,48,16,3.3,37.57788216,-122.4129336,4159143.268,551838.2944,1,culture,1,culture,1,culture,0,na,1,neg,1,pram,1,pram,1,pram,1,neg,1,culture,1
2,2447,UMCA,2,100,100,30,326,1.5,37.57770832,-122.4133973,4159123.726,551797.4784,1,pram,1,culture,1,pram,1,neg,1,neg,1,pram,1,neg,1,neg,0,na,1,neg,1
2,2448,UMCA,2,90,100,36,350,1.5,37.5778405,-122.4131309,4159138.537,551820.908,1,culture,1,culture,1,pram,1,neg,1,neg,1,neg,1,neg,1,neg,1,neg,1,culture,1
2,2449,UMCA,2,80,59.3425,50,350,32.2,37.57788492,-122.4131422,4159143.459,551819.8786,1,culture,1,culture,1,culture,1,neg,1,neg,1,neg,1,neg,1,neg,0,na,1,culture,1
2,2450,UMCA,2,65,97.915,46,8,4,37.57788945,-122.4130057,4159144.037,551831.9239,1,culture,1,culture,1,culture,1,culture,1,neg,1,pram,1,neg,1,pram,0,na,1,neg,1
2,2451,UMCA,1,50,86.4475,30,342,25.5,37.57745543,-122.4122689,4159096.291,551897.2894,1,culture,1,culture,1,pram,1,neg,1,culture,1,pram,1,pram,1,culture,0,na,1,unk,1
2,2452,UMCA,1,70,87.49,30,351,6.3,37.57726667,-122.4122016,4159075.387,551903.363,1,pram,1,culture,1,culture,1,culture,1,culture,1,culture,1,pram,1,pram,0,na,1,neg,1
2,2453,UMCA,1,90,100,30,346,3.3,37.57706584,-122.4121728,4159053.121,551906.041,1,pram,1,culture,1,culture,1,culture,1,culture,1,culture,1,neg,1,neg,0,na,1,culture,1
3,1412,UMCA,3,90,100,8,98,5.7,37.48879971,-122.3415476,4149301.784,558210.8502,1,culture,1,culture,1,culture,1,neg,1,neg,0,na,1,pram,1,neg,1,neg,1,neg,0
3,1442,UMCA,1,10,95.83,0,326,28.9,37.48810971,-122.3419973,4149224.955,558171.6305,1,pram,1,culture,1,culture,1,neg,0,na,0,na,1,neg,1,neg,1,neg,1,culture,0
3,1450,UMCA,1,65,,26,322,8.3,37.48837718,-122.341548,4149254.907,558211.1409,1,culture,1,culture,1,culture,0,na,1,neg,1,neg,1,neg,1,neg,1,neg,1,neg,0
3,1452,UMCA,1,70,96.8725,26,322,15.7,37.48837718,-122.341548,4149254.907,558211.1409,0,na,0,na,0,na,0,na,0,na,0,na,1,pram,1,pram,1,neg,0,na,0
3,1461,UMCA,1,60,79.15,0,268,27.1,37.48827542,-122.3416555,4149243.551,558201.7199,1,culture,1,culture,1,neg,1,neg,1,neg,1,neg,1,neg,1,neg,1,neg,1,culture,0
3,1474,UMCA,2,10,100,0,152,16.2,37.48812958,-122.3421718,4149227.052,558156.1874,1,culture,1,culture,0,na,1,neg,1,neg,1,neg,1,neg,1,neg,1,neg,1,culture,0
3,1480,UMCA,2,20,78.1075,0,152,45,37.48806319,-122.3423682,4149219.565,558138.8769,1,culture,1,culture,1,neg,1,neg,1,neg,1,pram,1,neg,1,pram,1,neg,1,culture,0
3,2269,UMCA,3,30,60.385,24,352,1,37.48837181,-122.3419058,4149254.09,558179.5119,1,pram,0,na,0,na,0,na,0,na,0,na,1,neg,0,na,0,na,1,culture,0
3,2270,UMCA,3,40,64.555,32,168,3.5,37.48840861,-122.3419598,4149258.139,558174.7113,1,culture,1,culture,1,culture,1,pram,1,pram,1,culture,1,pram,0,na,0,na,1,culture,0
3,2272,UMCA,3,50,100,12,121,1.3,37.48856309,-122.3418124,4149275.369,558187.618,1,culture,1,culture,1,neg,1,neg,1,neg,1,pram,1,neg,0,na,0,na,1,culture,0
3,2479,UMCA,1,30,98.9575,12,128,3,37.48821641,-122.3417385,4149236.953,558194.4227,1,pram,1,culture,1,pram,1,neg,1,neg,1,neg,1,neg,1,pram,0,na,1,culture,0
3,2480,UMCA,1,75,96.8725,0,356,43.5,37.48846577,-122.341571,4149264.721,558209.0415,1,culture,1,culture,1,pram,1,neg,1,neg,1,neg,1,neg,1,neg,0,na,1,neg,0
3,2481,UMCA,2,50,94.7875,0,152,11,37.48786873,-122.3426246,4149197.832,558116.3604,1,culture,1,culture,1,neg,1,pram,1,pram,1,pram,1,pram,1,pram,0,na,1,culture,0
3,2482,UMCA,2,80,100,0,166,1,37.48789882,-122.342882,4149201.012,558093.5805,0,na,1,culture,0,na,0,na,1,neg,0,na,1,neg,1,neg,0,na,1,culture,0
3,2483,UMCA,3,70,93.745,12,152,8.3,37.4886578,-122.341389,4149286.138,558224.9796,1,culture,1,culture,1,culture,0,na,1,pram,1,pram,1,neg,1,neg,0,na,1,unk,0
3,2484,UMCA,3,60,100,10,100,25.3,37.48857013,-122.3414676,4149276.363,558218.0972,0,na,1,neg,0,na,0,na,1,neg,0,na,1,neg,1,pram,0,na,1,neg,0
5,1591,UMCA,1,0,100,32,256,7.9,37.45370812,-122.3306575,4145415.37,559201.2582,0,na,0,na,0,na,0,na,0,na,1,neg,1,pram,1,neg,1,neg,1,culture,0
5,2088,UMCA,1,200,100,22,324,22.4,37.45188522,-122.3288565,4145214.264,559361.9851,0,na,0,na,0,na,0,na,0,na,0,na,1,neg,1,neg,1,neg,1,neg,0
6,707,UMCA,3,40,100,28,210,11.7,37.545655,-122.4033986,4155573.118,552702.9262,1,culture,1,culture,1,culture,1,culture,1,culture,1,culture,1,culture,1,pram,0,na,1,culture,1
6,713,UMCA,3,30,97.915,36,210,10.8,37.5455757,-122.4033639,4155564.34,552706.0544,1,culture,1,culture,1,pram,1,pram,1,culture,1,culture,1,pram,1,culture,1,pram,1,neg,1
6,810,UMCA,2,30,95.83,30,40,20,37.54524252,-122.4034981,4155527.3,552694.4279,1,culture,1,culture,1,pram,1,pram,1,culture,1,culture,1,culture,1,culture,1,culture,1,culture,1
6,824,UMCA,2,10,100,24,33,26.9,37.54534177,-122.4033475,4155538.396,552707.6635,1,culture,1,culture,1,culture,1,culture,1,pram,1,culture,1,pram,1,neg,1,neg,1,neg,1
6,830,UMCA,1,100,100,44,198,14.5,37.54512576,-122.4022134,4155515.067,552808.0042,1,pram,1,culture,1,culture,1,culture,1,culture,1,culture,1,pram,1,culture,1,neg,1,neg,1
6,842,UMCA,1,90,100,48,220,14,37.54525325,-122.4023409,4155529.14,552796.645,1,culture,1,culture,1,culture,1,culture,1,culture,1,pram,1,neg,1,pram,1,neg,1,neg,1
6,852,UMCA,1,70,100,49,180,21,37.54529935,-122.4025102,4155534.159,552781.6631,1,culture,1,culture,1,culture,1,culture,1,culture,1,pram,1,pram,1,culture,1,culture,1,neg,1
6,859,UMCA,1,50,100,44,220,18.4,37.5453333,-122.402746,4155537.793,552760.8029,1,culture,1,culture,1,culture,1,pram,1,culture,1,culture,1,pram,1,pram,1,pram,1,neg,1
6,860,UMCA,1,40,100,44,220,38.3,37.54535761,-122.4028095,4155540.455,552755.1807,1,culture,1,culture,1,culture,1,culture,1,culture,1,culture,1,culture,1,culture,1,pram,1,culture,1
6,862,UMCA,3,100,97.915,46,200,16.5,37.54606613,-122.4037518,4155618.533,552671.4423,1,pram,1,culture,1,culture,1,pram,1,culture,1,culture,1,pram,1,culture,1,neg,1,neg,1
6,873,UMCA,3,80,100,34,204,8.7,37.54590989,-122.4037623,4155601.193,552670.6265,1,culture,1,culture,1,culture,1,culture,1,culture,1,culture,1,pram,1,pram,1,pram,1,neg,1
6,894,UMCA,3,70,100,26,206,13.4,37.54589078,-122.4036414,4155599.141,552681.3173,1,culture,1,culture,1,culture,1,neg,1,culture,1,culture,1,neg,1,pram,1,pram,1,neg,1
6,978,UMCA,2,90,100,32,102,16.7,37.5449816,-122.4041492,4155497.988,552637.1007,1,pram,1,culture,1,culture,1,pram,1,culture,1,culture,1,pram,1,culture,1,culture,1,neg,1
6,979,UMCA,2,0,100,20,41,18.8,37.54537923,-122.4034339,4155542.503,552700.0029,1,pram,1,pram,1,pram,1,neg,1,culture,1,pram,1,neg,1,neg,1,neg,1,culture,1
6,987,UMCA,2,70,100,31,90,21,37.54504505,-122.403949,4155505.139,552654.7378,1,pram,1,culture,1,culture,1,culture,1,unk,1,culture,1,culture,1,culture,1,pram,1,culture,1
6,993,UMCA,2,60,100,38,96,12.6,37.54503004,-122.4038716,4155503.517,552661.5902,1,culture,1,culture,1,culture,1,neg,1,culture,1,culture,1,pram,1,culture,1,culture,1,culture,1
6,998,UMCA,2,50,100,40,70,19,37.54511738,-122.4036985,4155513.304,552676.8192,1,culture,1,culture,1,pram,1,pram,1,culture,1,culture,1,culture,1,culture,1,culture,1,neg,1
6,2099,UMCA,1,75,100,44,220,10.2,37.54537806,-122.4024317,4155542.936,552788.5385,1,pram,1,culture,1,culture,1,culture,1,culture,1,pram,1,pram,1,pram,1,neg,1,culture,1
6,2100,UMCA,3,50,100,32,210,2.1,37.54572482,-122.4032885,4155580.926,552712.6065,1,pram,1,culture,1,culture,1,neg,1,culture,1,culture,1,pram,1,culture,1,neg,1,culture,1
6,2431,UMCA,1,80,100,41,211,3.7,37.54525593,-122.4023144,4155529.452,552798.9832,1,pram,1,culture,1,culture,1,culture,1,culture,1,pram,0,na,1,neg,0,na,1,culture,1
6,2432,UMCA,2,20,94.7875,20,29,34,37.54524076,-122.4033462,4155527.19,552707.8529,1,culture,1,culture,1,pram,1,unk,1,culture,1,culture,1,pram,1,culture,0,na,1,culture,1
7,1702,UMCA,1,0,100,30,333,15.3,37.46134093,-122.3036724,4146279.483,561581.7246,1,pram,1,culture,1,pram,1,neg,1,culture,1,culture,1,pram,1,culture,1,culture,1,culture,1
7,1711,UMCA,1,35,100,30,16,9.1,37.46105913,-122.3036174,4146248.255,561586.8259,1,neg,1,neg,1,pram,1,neg,1,culture,1,neg,1,neg,1,neg,1,neg,1,culture,1
7,1714,UMCA,1,45,100,38,26,8.1,37.46094069,-122.3037227,4146235.046,561577.6053,1,culture,1,culture,1,culture,1,culture,1,culture,1,culture,1,pram,1,culture,1,culture,1,culture,1
7,1720,UMCA,1,50,93.745,26,40,7.7,37.46080868,-122.3036884,4146220.422,561580.7452,1,pram,1,culture,1,culture,1,culture,1,neg,1,neg,1,neg,1,neg,1,neg,1,culture,1
7,1728,UMCA,1,70,100,30,12,8.4,37.46079787,-122.303564,4146219.305,561591.7619,0,na,1,culture,1,neg,1,neg,1,neg,1,neg,1,neg,1,neg,1,neg,1,neg,1
7,1736,UMCA,1,90,98.9575,34,12,7.6,37.46065294,-122.3034231,4146203.318,561604.3417,1,neg,1,culture,0,na,0,na,1,neg,1,neg,1,neg,1,neg,1,pram,1,neg,1
7,1843,UMCA,3,10,100,20,20,7.9,37.46144202,-122.3037482,4146290.649,561574.9399,1,neg,1,neg,1,neg,1,neg,1,neg,1,neg,1,neg,1,neg,1,neg,1,culture,1
7,1845,UMCA,3,40,100,10,320,11.7,37.46163807,-122.3036542,4146312.461,561583.0966,0,na,0,na,1,neg,1,neg,1,neg,1,neg,1,neg,1,neg,1,neg,1,neg,1
7,1856,UMCA,3,90,98.9575,0,20,6,37.46193864,-122.3034575,4146345.936,561600.2403,1,culture,1,culture,1,culture,1,culture,1,culture,1,pram,1,pram,1,culture,1,pram,1,culture,1
7,1864,UMCA,3,100,98.9575,0,54,12.5,37.46210779,-122.30325,4146364.838,561618.4556,1,neg,1,pram,1,neg,1,neg,1,pram,1,pram,1,pram,1,pram,1,neg,0,na,1
7,1865,UMCA,3,95,97.915,0,54,6.1,37.46203755,-122.3032933,4146357.017,561614.6804,0,na,1,pram,1,pram,1,neg,1,pram,1,pram,1,pram,1,pram,1,pram,1,neg,1
7,2471,UMCA,1,60,98.9575,30,32,,37.46088001,-122.3035897,4146228.401,561589.419,0,na,1,neg,0,na,0,na,1,neg,0,na,1,neg,1,neg,0,na,0,na,1
7,2472,UMCA,1,15,93.745,30,344,8.6,37.46131956,-122.303818,4146277.017,561568.8656,0,na,1,neg,1,neg,0,na,1,neg,0,na,1,neg,1,neg,0,na,1,neg,1
7,2473,UMCA,2,30,97.915,0,30,7.5,37.46137144,-122.304106,4146282.584,561543.3531,0,na,0,na,0,na,0,na,0,na,0,na,1,neg,1,neg,0,na,0,na,1
7,2474,UMCA,2,50,100,38,316,6.1,37.46152374,-122.3043808,4146299.302,561518.9293,0,na,0,na,0,na,0,na,0,na,0,na,1,neg,1,neg,0,na,0,na,1
7,2475,UMCA,2,100,98.9575,42,120,5,37.46161292,-122.3047131,4146308.979,561489.4651,0,na,0,na,0,na,0,na,0,na,0,na,1,neg,1,neg,1,pram,1,neg,1
7,2476,UMCA,2,90,100,42,126,3.4,37.46159012,-122.3047054,4146306.454,561490.1656,0,na,0,na,0,na,0,na,0,na,0,na,1,unk,1,pram,0,na,0,na,1
7,2477,UMCA,2,80,100,42,126,6.1,37.46160119,-122.3045674,4146307.772,561502.3653,0,na,0,na,0,na,0,na,0,na,0,na,1,neg,1,pram,0,na,1,neg,1
7,2478,UMCA,3,60,100,8,350,2,37.46174687,-122.30353,4146324.613,561593.9859,1,pram,1,culture,1,pram,1,neg,1,pram,1,neg,1,pram,1,neg,0,na,0,na,1
8,1208,UMCA,3,80,100,30,200,21.5,37.55651141,-122.3946832,4156782.506,553465.0687,1,culture,1,culture,1,pram,0,na,1,pram,1,neg,1,pram,1,pram,1,neg,1,neg,1
8,1223,UMCA,3,75,100,30,200,18.9,37.55652507,-122.3948148,4156783.947,553453.4354,1,pram,1,culture,1,culture,0,na,0,na,0,na,1,neg,1,neg,1,neg,1,neg,1
8,1229,UMCA,3,70,100,30,200,10.8,37.55653672,-122.3948318,4156785.23,553451.9318,1,pram,1,culture,1,culture,0,na,1,culture,1,pram,1,pram,1,neg,1,neg,1,neg,1
8,1236,UMCA,3,65,100,32,181,25.8,37.55655407,-122.3949266,4156787.101,553443.5462,1,pram,1,culture,1,culture,1,neg,1,culture,1,pram,1,pram,1,pram,1,pram,1,culture,1
8,1250,UMCA,3,50,100,38,148,26.9,37.55654803,-122.3950769,4156786.345,553430.2691,1,culture,1,culture,1,culture,1,pram,1,culture,1,pram,1,pram,1,pram,1,neg,1,culture,1
8,1260,UMCA,3,40,89.575,32,160,30,37.55652742,-122.3952406,4156783.966,553415.8251,1,culture,1,culture,1,pram,0,na,1,pram,1,pram,1,neg,1,pram,1,pram,1,neg,1
8,1267,UMCA,3,25,96.8725,32,169,12.8,37.55650747,-122.3954171,4156781.652,553400.2553,1,culture,1,culture,1,culture,1,pram,1,pram,1,pram,1,pram,1,pram,1,pram,1,neg,1
8,1268,UMCA,3,30,93.745,40,164,25.1,37.55646975,-122.395449,4156777.449,553397.4621,1,culture,1,culture,1,culture,1,culture,1,pram,1,pram,1,pram,1,pram,1,pram,1,neg,1
8,1269,UMCA,3,35,,,,17,37.55646975,-122.395449,4156777.449,553397.4621,0,na,0,na,0,na,1,pram,1,pram,1,pram,1,pram,1,pram,1,pram,0,na,1
8,1280,UMCA,1,0,100,28,10,14.7,37.55628292,-122.3953917,4156756.754,553402.659,1,culture,1,culture,1,culture,0,na,0,na,1,pram,1,pram,1,pram,1,culture,1,neg,1
8,1282,UMCA,2,100,90.6175,8,9,30.7,37.55601486,-122.3945332,4156727.502,553478.6749,1,pram,1,culture,1,culture,1,culture,1,culture,0,na,1,culture,1,pram,1,neg,1,culture,1
8,1291,UMCA,2,90,87.49,16,10,22.4,37.55601034,-122.3946888,4156726.912,553464.9383,1,pram,1,culture,1,pram,1,culture,1,culture,0,na,1,neg,1,pram,1,pram,1,neg,1
8,1304,UMCA,2,70,45.79,16,14,25.3,37.55603909,-122.3948915,4156729.986,553447.0089,1,culture,1,culture,1,culture,1,neg,1,culture,1,culture,1,pram,1,culture,1,culture,1,culture,1
8,1309,UMCA,2,60,88.5325,22,358,13.2,37.55605727,-122.3949789,4156731.953,553439.2816,1,culture,1,culture,1,culture,1,culture,1,culture,1,culture,1,pram,1,culture,1,culture,1,neg,1
8,1320,UMCA,2,30,93.745,22,358,14,37.55610405,-122.395267,4156736.98,553413.7955,1,culture,1,culture,1,culture,1,culture,1,culture,1,culture,1,pram,1,culture,1,culture,1,culture,1
8,1328,UMCA,2,20,94.7875,22,7,17.8,37.55619398,-122.3953912,4156746.886,553402.7596,1,culture,1,culture,1,culture,1,culture,1,pram,1,pram,1,neg,1,culture,1,pram,1,neg,1
8,1332,UMCA,2,15,74.98,18,9,15.6,37.5561908,-122.3953744,4156746.543,553404.2502,1,pram,1,culture,1,culture,1,culture,1,culture,1,pram,1,neg,1,pram,1,culture,1,neg,1
8,1338,UMCA,2,5,,,,12.8,37.5562747,-122.3954609,4156755.802,553396.5502,1,pram,0,na,0,na,0,na,1,culture,1,culture,0,na,1,na,1,pram,0,na,1
8,1339,UMCA,2,10,98.9575,28,10,10.5,37.5562747,-122.3954609,4156755.802,553396.5502,1,culture,1,culture,1,culture,1,culture,1,culture,1,neg,1,pram,1,culture,1,culture,1,neg,1
8,1341,UMCA,1,100,85.405,28,336,17.1,37.55608661,-122.3965585,4156734.312,553299.7378,1,culture,1,culture,1,culture,1,culture,1,culture,1,pram,1,neg,1,pram,1,neg,1,culture,1
8,1347,UMCA,1,90,97.915,24,340,16.1,37.55614964,-122.3964894,4156741.344,553305.7926,1,culture,1,culture,1,culture,1,culture,1,culture,1,culture,1,pram,1,culture,1,neg,1,neg,1
8,1355,UMCA,1,80,96.8725,40,349,14.7,37.55617152,-122.3963689,4156743.84,553316.4229,1,pram,1,culture,1,culture,1,culture,1,culture,1,culture,1,culture,1,culture,1,culture,1,culture,1
8,1359,UMCA,1,70,93.745,40,349,11.9,37.55620874,-122.3962513,4156748.036,553326.7834,1,pram,1,culture,1,culture,1,culture,1,culture,1,pram,1,culture,1,culture,1,pram,1,neg,1
8,1371,UMCA,1,60,96.8725,28,358,6.5,37.55617579,-122.3961126,4156744.459,553339.0593,1,culture,1,culture,1,culture,1,neg,1,culture,1,pram,1,pram,1,pram,1,pram,1,culture,1
8,1375,UMCA,1,50,95.83,30,352,11.6,37.55619189,-122.3960554,4156746.277,553344.0974,1,culture,1,culture,1,culture,1,culture,1,culture,1,culture,1,pram,1,culture,1,neg,1,culture,1
8,1377,UMCA,1,40,95.83,30,352,10.3,37.55624821,-122.3959942,4156752.561,553349.4618,1,culture,1,culture,1,culture,1,culture,1,culture,0,na,1,pram,1,pram,1,culture,1,neg,1
8,1384,UMCA,1,30,93.745,30,352,11.1,37.55629431,-122.3958466,4156757.759,553362.4728,1,culture,1,culture,1,culture,1,culture,1,culture,1,pram,1,pram,1,pram,1,pram,1,culture,1
8,1388,UMCA,1,15,73.9375,30,349,14,37.5563436,-122.3957063,4156763.307,553374.8234,1,pram,1,culture,1,culture,1,culture,1,culture,1,culture,1,pram,1,neg,1,neg,1,culture,1
8,1389,UMCA,1,10,94.7875,32,348,13.2,37.55624612,-122.3956067,4156752.549,553383.6884,1,culture,1,culture,1,culture,1,culture,1,culture,1,pram,1,pram,1,pram,1,pram,1,culture,1
8,1500,UMCA,2,80,45.79,10,10,17.4,37.55602257,-122.3948313,4156728.188,553452.3432,1,culture,1,culture,1,culture,1,pram,1,culture,1,culture,1,culture,1,culture,1,culture,1,culture,1
8,1501,UMCA,2,85,45.79,10,10,16,37.55605174,-122.3948388,4156731.42,553451.6564,1,pram,1,culture,1,culture,1,neg,1,culture,1,culture,1,culture,1,culture,1,culture,1,culture,1
8,2201,UMCA,3,15,98.9575,18,130,16.2,37.55641636,-122.3954719,4156771.513,553395.4793,1,pram,1,culture,1,culture,0,na,1,culture,1,pram,1,pram,1,neg,1,pram,1,neg,1
8,2206,UMCA,5,15,100,28,359,22,37.55640345,-122.3952506,4156770.206,553415.033,1,pram,1,culture,1,culture,1,culture,1,culture,0,na,1,pram,1,culture,1,culture,1,culture,1
8,2210,UMCA,5,20,,,,,37.55639699,-122.3952494,4156769.49,553415.141,1,pram,1,culture,0,na,1,neg,1,culture,1,pram,1,pram,1,culture,1,culture,0,na,1
8,2213,UMCA,4,40,91.66,32,136,14.4,37.55651241,-122.3958646,4156781.946,553360.7256,1,culture,1,culture,1,culture,1,culture,1,culture,1,pram,1,pram,1,pram,0,na,1,neg,1
8,2217,UMCA,4,50,94.7875,34,142,12,37.55652163,-122.3959693,4156782.909,553351.4653,1,culture,1,culture,1,culture,1,culture,1,culture,1,pram,1,pram,1,culture,0,na,1,neg,1
8,2218,UMCA,4,70,94.7875,44,149,30.5,37.5563861,-122.3961509,4156767.77,553335.5265,1,culture,1,culture,1,culture,0,na,1,pram,0,na,1,pram,1,pram,0,na,1,neg,1
8,2219,UMCA,4,80,94.7875,42,134,24,37.5563721,-122.3963675,4156766.094,553316.4062,1,culture,1,culture,1,culture,0,na,0,na,0,na,0,na,1,neg,0,na,1,neg,1
8,2220,UMCA,4,90,93.745,38,170,14,37.55643924,-122.396464,4156773.488,553307.8368,1,pram,1,culture,1,culture,1,neg,1,pram,0,na,1,pram,1,pram,0,na,1,culture,1
8,2221,UMCA,4,100,21.8125,38,204,12,37.55644527,-122.3966268,4156774.065,553293.448,1,pram,1,culture,1,culture,0,na,1,pram,1,neg,1,pram,1,pram,0,na,1,culture,1
8,2222,UMCA,4,60,97.915,30,154,16.5,37.55634729,-122.3961562,4156763.461,553335.0879,1,culture,1,pram,1,culture,1,neg,1,neg,1,neg,1,neg,1,pram,0,na,1,culture,1
8,2223,UMCA,5,35,100,30,28,5,37.55632181,-122.3950431,4156761.266,553433.4214,1,pram,1,pram,1,culture,1,culture,1,culture,0,na,1,pram,1,pram,0,na,1,culture,1
8,2224,UMCA,5,45,100,30,28,21,37.55630429,-122.3949581,4156759.371,553440.9415,1,pram,1,pram,1,culture,1,culture,1,culture,1,culture,1,pram,1,culture,0,na,1,culture,1
8,2226,UMCA,5,55,100,28,22,18.5,37.55634779,-122.3948771,4156764.243,553448.0621,1,pram,1,pram,1,culture,1,culture,1,culture,1,neg,1,pram,1,pram,0,na,1,neg,1
8,2227,UMCA,5,65,94.7875,26,22,13.5,37.55628719,-122.3948347,4156757.544,553451.8512,1,culture,1,pram,1,culture,1,neg,1,culture,1,pram,1,pram,1,pram,0,na,1,culture,1
8,2228,UMCA,5,75,100,32,16,5,37.55624872,-122.3947613,4156753.318,553458.3565,1,culture,1,pram,1,pram,1,culture,1,culture,1,pram,1,pram,1,pram,0,na,1,culture,1
8,2229,UMCA,5,85,89.575,22,40,17.4,37.55622776,-122.394591,4156751.089,553473.415,1,culture,1,pram,1,culture,1,pram,1,culture,1,pram,1,neg,1,pram,0,na,1,neg,1
8,2230,UMCA,5,95,0,0,0,13,37.55615744,-122.3944974,4156743.341,553481.7351,1,culture,1,culture,1,culture,0,na,1,culture,0,na,1,neg,1,neg,0,na,1,neg,1
8,2231,UMCA,5,105,0,16,4,5.5,37.55618719,-122.3944299,4156746.68,553487.6731,1,pram,1,culture,1,culture,0,na,0,na,1,neg,0,na,1,pram,0,na,1,neg,1
8,2232,UMCA,6,40,84.3625,28,20,12.5,37.55608669,-122.3955875,4156734.872,553385.4979,1,culture,1,culture,1,culture,1,culture,1,pram,1,pram,1,neg,1,culture,0,na,1,neg,1
8,2233,UMCA,6,50,96.8725,30,7,9,37.55591135,-122.3955011,4156715.467,553393.2552,1,culture,1,culture,1,culture,1,culture,1,culture,1,culture,1,neg,1,pram,0,na,1,neg,1
8,2234,UMCA,6,70,90.6175,24,4,20,37.55574983,-122.3955115,4156697.542,553392.4528,1,culture,1,culture,1,culture,1,culture,1,culture,1,pram,1,culture,1,culture,0,na,1,culture,1
8,2235,UMCA,6,90,94.7875,30,0,12,37.55562267,-122.3955302,4156683.423,553390.8927,1,pram,1,culture,1,culture,1,pram,1,culture,1,neg,1,culture,1,culture,0,na,1,culture,1
8,2236,UMCA,6,100,94.7875,22,6,5,37.55554204,-122.3953878,4156674.559,553403.5287,1,culture,1,pram,1,culture,1,culture,1,culture,1,pram,1,neg,1,pram,0,na,1,neg,1
8,2341,UMCA,6,30,,,,20,37.55609457,-122.3955331,4156735.777,553390.3043,0,na,0,na,0,na,0,na,0,na,0,na,0,na,0,na,0,na,0,na,1
8,2342,UMCA,6,25,95.83,16,16,10,37.55614285,-122.3955639,4156741.116,553387.545,1,culture,1,culture,1,culture,1,culture,1,culture,1,culture,1,culture,1,culture,1,culture,1,neg,1
8,2357,UMCA,4,30,98.9575,18,151,14,37.55642549,-122.3957273,4156772.38,553372.9146,1,culture,1,culture,1,culture,1,pram,1,culture,1,neg,1,pram,1,pram,1,pram,1,neg,1
8,2359,UMCA,4,15,100,18,152,10,37.55637319,-122.3956668,4156766.612,553378.2894,1,culture,1,culture,1,culture,1,pram,1,pram,1,neg,1,pram,1,pram,1,pram,1,neg,1
8,2386,UMCA,2,25,100,24,351,5.5,37.55608074,-122.3953358,4156734.354,553407.7336,1,culture,1,culture,1,culture,1,culture,1,culture,1,neg,1,neg,1,pram,1,pram,1,culture,1
8,2409,UMCA,4,10,100,48,349,4,37.55631938,-122.3955559,4156760.705,553388.1301,1,pram,1,culture,1,culture,1,culture,1,culture,1,pram,1,neg,1,pram,1,pram,1,neg,1
8,2413,UMCA,1,0,,,,,37.55628292,-122.3953917,4156756.754,553402.659,0,na,0,na,0,na,0,na,0,na,0,na,na,na,0,na,0,na,0,na,1
8,2415,UMCA,5,5,100,20,8,11.5,37.55629783,-122.3952969,4156758.462,553411.0145,1,culture,1,culture,1,culture,1,culture,1,pram,1,culture,1,neg,1,culture,1,culture,1,neg,1
8,2417,UMCA,5,10,,,,,37.55629783,-122.3952969,4156758.462,553411.0145,0,na,0,na,0,na,1,neg,1,culture,1,culture,1,culture,1,culture,1,culture,0,na,1
8,2422,UMCA,5,25,97.915,28,11,14,37.55636162,-122.3950802,4156765.662,553430.1134,1,culture,1,culture,1,culture,1,pram,1,pram,1,pram,1,pram,1,pram,1,pram,1,neg,1
8,2465,UMCA,6,20,100,26,16,31,37.55623162,-122.3954638,4156751.021,553396.3212,1,pram,1,culture,1,culture,1,neg,0,na,0,na,1,pram,1,pram,0,na,1,culture,1
8,2469,UMCA,4,20,95.83,18,152,33.5,37.55643966,-122.3955912,4156774.03,553384.9202,1,culture,1,culture,1,culture,0,na,1,pram,1,neg,1,pram,1,pram,0,na,1,neg,1
9,1649,UMCA,2,90,96.8725,34,228,112,37.53796184,-122.4089729,4154716.491,552215.8718,1,neg,1,neg,1,neg,1,neg,1,neg,1,neg,1,neg,1,neg,1,neg,1,culture,1
9,1650,UMCA,2,80,94.7875,40,228,75.5,37.53789646,-122.4089358,4154709.258,552219.1977,1,pram,1,pram,1,culture,1,neg,1,neg,1,neg,1,pram,1,neg,1,pram,1,culture,1
9,1653,UMCA,2,40,87.49,30,204,31,37.53824498,-122.4084492,4154748.195,552261.9483,1,pram,1,culture,1,culture,1,neg,1,culture,1,neg,1,neg,1,neg,1,neg,1,culture,1
9,1654,UMCA,2,35,100,20,168,8.8,37.53825478,-122.4083269,4154749.35,552272.7462,1,pram,1,culture,1,pram,1,pram,1,culture,1,neg,1,neg,1,neg,1,neg,1,culture,1
9,1656,UMCA,2,25,96.8725,30,182,20.6,37.53821564,-122.4083157,4154745.014,552273.7577,1,pram,1,culture,1,culture,1,culture,1,neg,1,neg,1,neg,1,pram,1,neg,1,neg,1
9,1658,UMCA,2,30,97.915,32,182,21.9,37.53813668,-122.4083006,4154736.262,552275.146,1,culture,1,culture,1,culture,1,neg,1,neg,1,neg,1,pram,1,culture,1,pram,1,culture,1
9,1659,UMCA,2,15,96.8725,20,174,19.9,37.53835562,-122.4081062,4154760.66,552292.1729,1,neg,1,culture,1,neg,1,neg,1,neg,1,neg,1,neg,1,culture,1,neg,1,culture,1
9,1660,UMCA,2,5,100,24,168,50,37.53831882,-122.4081352,4154756.562,552289.6366,1,neg,1,neg,1,neg,1,neg,1,neg,0,na,1,neg,1,neg,1,neg,1,culture,1
9,1661,UMCA,6,10,96.8725,28,190,22.8,37.53824196,-122.408016,4154748.101,552300.2203,1,pram,1,culture,1,pram,1,neg,1,culture,0,na,1,neg,1,neg,1,neg,1,culture,1
9,1664,UMCA,1,10,93.745,30,174,28.2,37.53819712,-122.4079307,4154743.173,552307.7902,1,neg,1,neg,1,neg,1,neg,1,neg,1,neg,1,neg,1,neg,1,neg,1,culture,1
9,1665,UMCA,1,40,96.8725,40,170,47,37.53824975,-122.4076368,4154749.176,552333.7157,1,pram,1,culture,1,culture,1,neg,1,pram,1,pram,1,pram,1,pram,1,neg,1,culture,1
9,1667,UMCA,1,50,92.7025,34,208,13.5,37.53801883,-122.4075191,4154723.622,552344.2737,1,pram,1,culture,1,culture,1,culture,1,culture,1,culture,1,pram,1,culture,1,neg,1,culture,1
9,1670,UMCA,1,80,87.49,20,174,45.2,37.53813936,-122.4073457,4154737.091,552359.5105,1,culture,1,culture,1,pram,1,neg,1,culture,1,neg,1,neg,1,neg,1,neg,1,culture,1
9,1671,UMCA,1,70,100,20,174,56.2,37.53803006,-122.4071883,4154725.052,552373.4935,1,neg,1,pram,1,neg,1,neg,1,culture,1,neg,1,neg,1,neg,1,neg,1,culture,1
9,1679,UMCA,1,90,100,22,218,6.3,37.5378786,-122.4071546,4154708.267,552376.5767,1,neg,1,culture,1,pram,1,pram,1,culture,1,neg,1,neg,1,pram,1,neg,1,culture,1
9,1682,UMCA,1,100,72.895,10,220,6.8,37.53795966,-122.4071468,4154717.265,552377.2082,1,neg,1,culture,1,neg,1,neg,1,neg,1,neg,1,neg,1,neg,1,pram,1,neg,1
9,1684,UMCA,1,5,97.915,28,172,21.4,37.53831849,-122.4080209,4154756.589,552299.7304,1,pram,1,neg,1,neg,1,neg,1,neg,1,neg,1,neg,1,neg,1,neg,1,culture,1
9,1687,UMCA,4,5,100,20,180,19.1,37.5383552,-122.4079505,4154760.7,552305.9243,1,neg,1,neg,1,neg,1,unk,1,neg,1,pram,1,neg,1,neg,1,neg,1,culture,1
9,1688,UMCA,3,10,95.83,28,172,32.8,37.5383578,-122.4081682,4154760.868,552286.6922,1,neg,1,neg,1,neg,1,neg,1,pram,1,pram,1,neg,1,neg,1,neg,1,culture,1
9,1692,UMCA,3,0,100,22,172,6.3,37.5383878,-122.4080783,4154764.246,552294.6091,1,neg,1,culture,1,neg,1,neg,1,neg,1,neg,1,neg,1,neg,1,neg,1,culture,1
9,1693,UMCA,3,5,97.915,22,172,12.7,37.5383878,-122.4080783,4154764.246,552294.6091,0,na,1,culture,1,culture,1,neg,1,neg,1,neg,1,neg,1,neg,1,neg,1,culture,1
9,1700,UMCA,3,60,100,30,210,17.7,37.5388136,-122.4080057,4154811.527,552300.7318,1,culture,1,culture,1,culture,1,neg,1,pram,1,pram,1,neg,1,pram,1,pram,1,culture,1
9,2089,UMCA,3,30,95.83,22,162,8.6,37.5385831,-122.4080842,4154785.91,552293.9542,1,culture,1,culture,1,culture,1,pram,1,culture,1,pram,1,pram,1,pram,1,pram,1,culture,1
9,2090,UMCA,3,45,100,36,202,4.9,37.53860766,-122.4079002,4154788.738,552310.1909,1,culture,1,culture,1,culture,1,neg,1,neg,1,neg,1,pram,1,neg,1,neg,1,culture,1
9,2091,UMCA,2,50,85.405,18,250,7.4,37.5381666,-122.4085192,4154739.46,552255.8126,1,culture,1,culture,1,culture,1,neg,1,culture,1,neg,1,neg,1,neg,1,neg,1,culture,1
9,2092,UMCA,2,70,97.915,48,220,2,37.53800316,-122.408772,4154721.187,552233.5927,1,culture,1,culture,1,pram,0,na,0,na,0,pram,1,neg,1,neg,1,neg,1,culture,1
9,2093,UMCA,2,100,95.83,38,234,6,37.53766797,-122.4092272,4154683.746,552193.6172,0,na,1,culture,0,na,0,na,0,na,0,na,1,neg,1,neg,1,neg,1,culture,1
9,2101,UMCA,6,25,97.915,22,160,14,37.5381796,-122.4079354,4154741.227,552307.3801,1,pram,1,culture,1,culture,1,neg,1,culture,1,pram,1,neg,1,neg,1,pram,1,culture,1
9,2114,UMCA,5,20,100,20,184,6.1,37.53842762,-122.4082567,4154768.565,552278.8231,1,culture,1,culture,1,culture,1,neg,1,neg,1,pram,1,pram,1,neg,1,pram,1,culture,1
9,2249,UMCA,4,40,100,30,180,44.3,37.53852879,-122.4078374,4154780.022,552315.7932,1,pram,1,culture,1,culture,1,pram,1,culture,1,neg,1,pram,1,culture,0,na,1,culture,1
9,2250,UMCA,4,50,100,24,190,80,37.53856902,-122.4076845,4154784.571,552329.2785,1,pram,1,culture,1,culture,1,pram,1,culture,1,culture,1,pram,1,culture,0,na,1,culture,1
9,2251,UMCA,4,100,100,38,188,65,37.53864898,-122.4073495,4154793.628,552358.814,1,culture,1,culture,1,culture,1,neg,1,culture,1,neg,1,pram,1,pram,0,na,1,culture,1
9,2252,UMCA,5,45,94.7875,28,164,19,37.53855863,-122.408368,4154783.038,552268.8978,1,pram,1,pram,1,culture,1,neg,1,neg,1,neg,1,neg,1,neg,0,na,1,culture,1
9,2253,UMCA,5,55,100,24,208,17.8,37.53853616,-122.4085657,4154780.435,552251.4528,1,pram,1,culture,1,culture,1,neg,1,neg,1,neg,1,neg,1,neg,0,na,1,culture,1
9,2254,UMCA,6,40,100,38,184,43,37.53802721,-122.4079475,4154724.313,552306.4202,1,neg,1,pram,1,neg,1,pram,1,pram,1,culture,1,neg,1,culture,0,na,1,culture,1
9,2255,UMCA,6,55,96.8725,16,200,55,37.53779395,-122.407928,4154698.445,552308.3086,1,pram,1,pram,1,pram,1,neg,1,culture,1,neg,1,neg,1,neg,0,na,1,culture,1
9,2256,UMCA,6,65,96.8725,20,204,54,37.53764139,-122.4079364,4154681.515,552307.6668,1,neg,1,pram,1,culture,1,pram,1,culture,1,neg,1,neg,1,neg,0,na,1,culture,1
9,2257,UMCA,6,80,95.83,30,176,32,37.53763008,-122.4079653,4154680.244,552305.1277,0,na,1,pram,1,pram,1,neg,1,culture,0,na,1,neg,1,neg,0,na,1,culture,1
9,2258,UMCA,6,90,93.745,24,176,20.2,37.5375642,-122.4080814,4154672.87,552294.9104,1,neg,1,culture,1,culture,1,neg,1,culture,1,culture,1,neg,1,neg,0,na,1,culture,1
9,2259,UMCA,6,100,100,18,178,28,37.53740771,-122.4080327,4154655.536,552299.3293,1,neg,1,culture,1,pram,1,neg,1,culture,1,culture,1,neg,1,neg,0,na,1,culture,1
9,2388,UMCA,5,15,100,24,156,5,37.53834933,-122.4082077,4154759.906,552283.2102,1,pram,1,neg,1,neg,1,pram,1,culture,1,neg,1,neg,1,neg,1,neg,1,culture,1
9,2389,UMCA,3,30,,,,,,,,,0,na,0,na,0,na,1,neg,1,pram,0,na,1,neg,1,neg,1,neg,0,na,1
9,2391,UMCA,3,20,97.915,32,162,4.5,37.53846182,-122.4081324,4154772.428,552289.7815,1,culture,1,culture,1,culture,1,neg,1,neg,1,neg,1,neg,1,neg,1,neg,1,culture,1
9,2393,UMCA,5,30,93.745,26,204,16.6,37.53846274,-122.4082671,4154772.455,552277.8806,1,pram,1,culture,1,pram,1,neg,1,neg,1,neg,1,neg,1,pram,1,neg,1,unk,1
9,2460,UMCA,3,70,100,30,212,8,37.53871034,-122.4079725,4154800.089,552303.7362,1,culture,1,culture,1,culture,1,unk,1,neg,1,neg,1,neg,1,neg,0,na,1,culture,1
10,79,UMCA,2,60,87.49,42,14,4.4,37.56557241,-122.4043423,4157782.332,552605.5641,0,na,1,culture,1,pram,1,culture,1,pram,1,pram,1,pram,1,culture,1,pram,1,culture,1
10,85,UMCA,2,50,98.9575,30,24,58,37.56559337,-122.4042859,4157784.689,552610.5321,1,culture,1,culture,1,culture,1,culture,1,culture,1,pram,1,pram,1,pram,1,pram,1,culture,1
10,98,UMCA,2,20,89.575,23,353,22,37.56568959,-122.404132,4157795.45,552624.055,1,culture,1,culture,1,pram,1,culture,0,na,1,culture,1,pram,0,na,1,pram,1,neg,1
10,99,UMCA,2,15,100,20,354,7.8,37.56588849,-122.4039966,4157817.593,552635.8692,1,culture,1,culture,1,culture,1,culture,1,culture,1,pram,1,pram,1,pram,1,neg,1,neg,1
10,102,UMCA,1,10,100,40,358,18.1,37.56585019,-122.4039653,4157813.361,552638.6577,1,pram,1,culture,1,culture,1,culture,1,culture,1,neg,1,pram,1,pram,1,neg,1,culture,1
10,108,UMCA,1,100,100,36,80,37.3,37.56644949,-122.4044483,4157879.58,552595.5835,1,pram,1,culture,1,culture,1,neg,1,culture,0,na,1,pram,1,pram,1,neg,1,neg,1
10,115,UMCA,1,90,88.5325,36,63,7.7,37.56642527,-122.4044032,4157876.918,552599.5835,1,culture,1,pram,1,culture,1,culture,1,culture,1,culture,1,pram,1,culture,1,pram,1,culture,1
10,119,UMCA,1,80,100,42,106,5.2,37.56634179,-122.4043204,4157867.703,552606.9554,1,culture,1,culture,1,culture,1,culture,1,culture,1,culture,1,neg,1,neg,1,neg,1,neg,1
10,121,UMCA,1,70,100,40,84,11.7,37.56628261,-122.4043067,4157861.145,552608.2113,1,culture,1,culture,1,culture,1,culture,1,culture,1,culture,1,pram,1,culture,1,pram,1,culture,1
10,125,UMCA,1,60,100,36,104,5.3,37.56626777,-122.4042943,4157859.506,552609.3168,1,pram,1,culture,1,culture,1,pram,1,culture,1,pram,1,neg,1,neg,1,neg,1,culture,1
10,127,UMCA,1,50,100,28,80,13.9,37.56614934,-122.4042412,4157846.396,552614.086,1,culture,1,culture,1,culture,1,culture,1,culture,1,culture,1,neg,1,neg,1,culture,1,culture,1
10,138,UMCA,1,40,100,18,64,17.1,37.56599193,-122.4042585,4157828.922,552612.6716,1,pram,1,culture,1,pram,1,culture,1,culture,1,culture,1,culture,1,pram,1,pram,1,culture,1
10,139,UMCA,1,30,100,26,44,7.6,37.56597583,-122.4041939,4157827.172,552618.3826,1,culture,1,culture,1,culture,1,culture,1,culture,1,culture,1,culture,1,culture,1,culture,1,culture,1
10,140,UMCA,1,20,100,45,20,32.7,37.56585178,-122.4040592,4157813.485,552630.3657,1,culture,1,culture,1,culture,1,culture,1,pram,1,culture,1,culture,1,culture,1,culture,1,culture,1
10,142,UMCA,3,100,100,28,100,6.3,37.56509674,-122.4038121,4157729.855,552652.7195,1,pram,1,culture,1,culture,1,neg,1,pram,1,culture,1,neg,1,pram,1,neg,1,culture,1
10,163,UMCA,3,50,100,30,60,2.9,37.56564366,-122.4035957,4157790.655,552671.4474,1,culture,1,culture,1,pram,1,culture,1,pram,0,na,1,pram,1,pram,1,neg,1,culture,1
10,177,UMCA,3,35,100,18,55,2.5,37.56572312,-122.4036267,4157799.453,552668.6529,1,culture,1,culture,1,culture,1,neg,1,pram,0,na,1,pram,1,pram,1,neg,1,culture,1
10,190,UMCA,3,15,100,19,354,26.9,37.5657315,-122.4038152,4157800.277,552651.9989,1,culture,1,culture,1,culture,1,culture,1,culture,1,pram,1,culture,1,pram,1,pram,1,culture,1
10,2273,UMCA,2,95,100,27,67,2.1,37.56536764,-122.4045794,4157759.481,552584.7671,1,culture,1,culture,1,culture,1,neg,1,pram,1,pram,1,pram,0,na,0,na,1,neg,1
10,2456,UMCA,2,35,83.32,20,353,3,37.56558347,-122.4040523,4157783.721,552631.1692,1,culture,1,culture,1,culture,1,culture,1,culture,0,na,1,pram,1,pram,1,pram,1,culture,1
10,2457,UMCA,2,40,52.045,20,20,10,37.56555724,-122.4041023,4157780.783,552626.7684,1,culture,1,culture,1,culture,1,neg,1,culture,1,pram,1,culture,1,pram,1,pram,1,culture,1
10,2458,UMCA,2,70,94.7875,16,10,1.3,37.56545917,-122.4044368,4157769.715,552597.2946,1,culture,1,culture,0,na,0,na,0,na,1,neg,1,pram,1,pram,1,neg,1,culture,1
10,2459,UMCA,2,75,100,22,20,2,37.5654243,-122.4044221,4157765.855,552598.6217,1,culture,1,culture,1,neg,1,neg,1,pram,1,neg,1,pram,1,pram,1,pram,1,culture,1
10,144N,UMCA,3,80,100,28,100,65,37.56530905,-122.4037521,4157753.444,552657.8698,1,culture,1,culture,1,culture,1,neg,1,pram,1,pram,1,pram,1,culture,1,neg,1,culture,1
10,144S,UMCA,3,90,100,28,100,65,37.56517871,-122.4037545,4157738.982,552657.7549,1,culture,1,culture,1,culture,1,neg,1,pram,1,pram,1,pram,1,pram,1,neg,1,culture,1
10,79j,UMCA,2,65,100,42,14,4.2,37.56557241,-122.4043423,4157782.332,552605.5641,1,culture,1,culture,1,culture,1,neg,1,culture,1,pram,1,neg,1,pram,1,pram,1,culture,1
10,96r,UMCA,2,10,100,20,354,32.5,37.56575095,-122.403966,4157802.35,552638.6684,1,culture,1,culture,1,culture,1,culture,1,pram,1,culture,1,pram,1,neg,1,pram,1,culture,1
10,96s,UMCA,2,25,100,23,20,32.5,37.56572404,-122.404008,4157799.341,552634.979,1,culture,1,culture,1,culture,0,na,0,na,1,culture,1,neg,1,pram,1,pram,1,neg,1
11,7,UMCA,2,70,69.7675,16,21,4.3,37.52950978,-122.3910703,4153788.87,553803.5811,na,unk,1,culture,1,neg,1,neg,1,neg,1,pram,1,pram,1,pram,1,neg,1,culture,0
11,8,UMCA,2,60,78.1075,20,38,18,37.52954867,-122.3910532,4153793.194,553805.0641,na,unk,1,culture,1,culture,1,culture,1,culture,1,neg,0,na,0,na,0,na,1,culture,0
11,16,UMCA,2,30,86.4475,18,19,10.3,37.52974405,-122.3908093,4153815.01,553826.4756,na,unk,1,neg,1,culture,1,culture,1,culture,1,neg,1,neg,1,neg,1,neg,1,neg,0
11,30,UMCA,3,90,95.83,10,34,40,37.53031762,-122.3916543,4153878.161,553751.3967,na,unk,1,culture,1,pram,1,neg,1,neg,1,neg,1,pram,1,neg,1,neg,1,neg,0
11,40,UMCA,3,70,100,28,65,11.4,37.53016331,-122.3914372,4153861.166,553770.6966,na,unk,1,neg,1,neg,1,neg,1,neg,1,neg,1,neg,1,neg,1,neg,1,neg,0
11,49,UMCA,3,30,65.5975,30,28,3.7,37.53009466,-122.391153,4153853.712,553795.8513,na,unk,1,neg,1,neg,1,neg,1,neg,1,neg,1,neg,1,neg,1,neg,1,neg,0
11,54,UMCA,3,20,84.3625,30,56,8.4,37.52998637,-122.3910593,4153841.751,553804.2089,na,unk,1,pram,1,neg,1,culture,1,neg,1,neg,1,pram,1,neg,1,neg,1,culture,0
11,570,UMCA,1,90,73.9375,28,2,8.5,37.53046908,-122.3901153,4153895.846,553887.275,na,unk,1,culture,1,culture,1,culture,1,neg,1,neg,1,neg,1,neg,1,neg,1,culture,0
11,574,UMCA,1,75,91.66,28,320,6.6,37.53047436,-122.3903902,4153896.274,553862.9797,na,unk,1,culture,1,culture,1,pram,1,culture,1,neg,1,pram,1,neg,1,pram,1,neg,0
11,578,UMCA,1,30,85.405,22,14,10.5,37.53024671,-122.3905571,4153870.922,553848.3986,na,unk,1,neg,1,pram,1,neg,1,pram,1,neg,1,neg,1,neg,1,neg,1,neg,0
11,580,UMCA,1,25,87.49,26,21,29.6,37.53014328,-122.3906465,4153859.396,553840.5704,na,unk,1,pram,1,neg,1,neg,1,neg,1,neg,1,pram,1,neg,1,neg,1,culture,0
11,585,UMCA,1,15,95.83,22,30,14.4,37.530037,-122.3907272,4153847.558,553833.5156,na,unk,1,neg,1,neg,1,neg,1,neg,1,pram,1,neg,1,neg,1,neg,1,culture,0
11,589,UMCA,1,0,97.915,22,30,125,37.53009575,-122.3907526,4153854.062,553831.2291,na,unk,1,neg,1,pram,1,neg,1,neg,1,neg,1,pram,1,neg,1,neg,1,culture,0
12,510,UMCA,1,75,86.4475,18,242,8.7,37.51142423,-122.359011,4151801.194,556649.9035,1,pram,1,pram,1,pram,1,neg,1,pram,1,culture,1,pram,1,culture,1,culture,1,culture,0
12,519,UMCA,1,60,92.7025,18,242,6.5,37.51150561,-122.3591766,4151810.123,556635.204,1,neg,1,pram,1,pram,1,neg,1,pram,1,unk,1,pram,1,pram,1,pram,1,culture,0
12,536,UMCA,1,50,86.4475,18,242,11.1,37.51159865,-122.3590369,4151820.529,556647.4818,1,pram,1,pram,1,pram,1,neg,1,pram,1,neg,1,pram,1,neg,1,neg,1,culture,0
12,548,UMCA,1,40,100,20,300,90,37.51165339,-122.359026,4151826.609,556648.4038,1,pram,1,pram,1,neg,1,neg,1,neg,1,pram,1,pram,1,neg,1,neg,1,culture,0
12,555,UMCA,1,30,93.745,18,312,7.2,37.51174567,-122.3589219,4151836.91,556657.5341,1,neg,1,culture,1,pram,1,culture,1,culture,1,pram,1,pram,1,neg,1,culture,1,culture,0
12,560,UMCA,1,25,93.745,18,312,8.2,37.51179085,-122.3588254,4151841.98,556666.0337,1,pram,1,neg,1,pram,1,neg,1,culture,1,culture,1,culture,1,culture,1,culture,1,neg,0
12,601,UMCA,3,100,96.8725,8,318,57.9,37.51260591,-122.3578457,4151932.997,556751.9983,0,na,1,neg,1,neg,1,neg,1,neg,1,neg,1,neg,1,neg,1,neg,1,neg,0
12,633,UMCA,2,100,80.1925,18,284,7,37.51096071,-122.3583687,4151750.156,556707.0194,0,na,1,neg,1,neg,1,neg,1,neg,1,neg,1,pram,1,neg,1,neg,1,culture,0
12,645,UMCA,2,80,56.215,14,308,11.1,37.51118953,-122.3585088,4151775.458,556694.468,0,na,1,neg,1,neg,0,na,0,na,0,na,1,neg,1,neg,1,pram,1,neg,0
12,649,UMCA,2,60,70.81,20,272,57.1,37.51141149,-122.3585327,4151800.069,556692.1888,0,na,1,pram,1,pram,1,neg,1,pram,1,pram,1,culture,1,pram,1,culture,1,neg,0
12,656,UMCA,2,40,36.4075,16,338,12.3,37.51169035,-122.3584737,4151831.042,556697.193,1,neg,1,culture,1,neg,0,neg,1,neg,1,neg,1,pram,1,pram,1,pram,1,neg,0
12,2171,UMCA,1,35,100,18,312,,37.51174567,-122.3589219,4151836.91,556657.5341,0,na,0,na,0,na,1,neg,1,neg,1,pram,1,neg,1,neg,1,pram,1,culture,0
12,2172,UMCA,4,20,84.3625,18,340,,37.51168088,-122.3586979,4151829.857,556677.3841,1,neg,1,culture,0,na,1,neg,1,pram,1,pram,1,pram,1,pram,1,pram,1,culture,0
12,2173,UMCA,4,30,80.1925,16,330,6,37.51162187,-122.3585971,4151823.37,556686.3328,1,culture,1,culture,1,culture,1,neg,1,neg,1,pram,1,neg,1,neg,1,pram,1,neg,0
12,2182,UMCA,6,25,87.49,16,324,12,37.51181432,-122.3587643,4151844.621,556671.4167,1,pram,1,pram,1,pram,1,neg,1,neg,1,pram,1,pram,1,pram,1,neg,1,neg,0
12,2303,UMCA,6,30,65.5975,16,324,30,37.51191549,-122.3588099,4151855.818,556667.3102,0,na,1,neg,1,neg,1,neg,1,pram,1,neg,1,neg,1,pram,1,neg,1,neg,0
12,2316,UMCA,3,30,,,,,,,,,0,na,0,na,0,na,1,neg,1,pram,1,pram,1,neg,1,neg,1,pram,0,na,0
12,2426,UMCA,4,50,85.405,16,272,4,37.51148215,-122.3585742,4151807.883,556688.4685,1,culture,1,culture,1,pram,0,na,1,culture,0,na,1,neg,1,pram,0,na,1,culture,0
12,2427,UMCA,4,100,60.385,20,286,17,37.51097814,-122.3587263,4151751.874,556675.4047,0,na,1,pram,1,pram,1,pram,1,pram,1,neg,1,pram,1,pram,0,na,1,culture,0
12,2428,UMCA,4,85,64.555,21,284,26,37.51110094,-122.3587965,4151765.456,556669.1042,0,na,1,neg,1,neg,1,neg,1,pram,1,pram,1,neg,1,pram,0,na,1,culture,0
12,2429,UMCA,4,75,92.7025,19,270,36,37.51126321,-122.3588524,4151783.425,556664.0473,0,na,1,neg,1,neg,1,neg,1,pram,1,neg,1,pram,1,neg,0,na,1,culture,0
12,2430,UMCA,4,60,100,16,240,29,37.51139414,-122.3588349,4151797.962,556665.4896,1,culture,1,culture,1,neg,1,neg,1,neg,1,neg,1,neg,1,neg,0,na,1,culture,0
12,2486,UMCA,5,85,87.49,22,348,6.3,37.51167644,-122.3577088,4151829.96,556764.7993,0,na,1,neg,1,neg,1,unk,1,neg,1,neg,1,neg,1,neg,0,na,1,neg,0
12,2487,UMCA,4,95,23.8975,21,284,5.5,37.51101553,-122.3588085,4151755.973,556668.1091,0,na,1,neg,0,na,0,na,0,na,0,na,1,neg,1,neg,0,na,1,neg,0
14,1001,UMCA,1,100,57.2575,20,130,18.9,37.54606764,-122.4287248,4155605.003,550465.3997,1,pram,1,culture,1,culture,1,culture,1,culture,1,culture,1,neg,1,neg,1,neg,1,culture,0
14,1026,UMCA,2,10,100,24,10,20.8,37.54694849,-122.4283923,4155702.908,550494.1784,1,pram,1,pram,1,neg,1,culture,1,culture,1,neg,1,neg,1,pram,1,neg,1,neg,0
14,1030,UMCA,1,0,82.2775,30,352,21.2,37.54717824,-122.4284532,4155728.364,550488.6482,0,na,0,na,0,na,1,culture,1,pram,1,culture,1,neg,1,neg,1,neg,1,culture,0
14,1032,UMCA,1,5,82.2775,30,352,22.5,37.54717824,-122.4284532,4155728.364,550488.6482,1,neg,1,culture,1,neg,1,unk,1,neg,1,pram,1,neg,1,neg,1,neg,0,na,0
14,1037,UMCA,2,70,40.5775,22,34,43,37.54676057,-122.4291002,4155681.679,550431.7685,1,pram,1,pram,1,culture,1,culture,1,culture,1,culture,1,neg,1,pram,1,neg,1,neg,0
14,1048,UMCA,2,60,96.8725,28,36,32.7,37.54689485,-122.428951,4155696.657,550444.8578,1,neg,1,culture,1,neg,1,neg,1,pram,1,pram,1,pram,1,pram,1,neg,1,neg,0
14,1050,UMCA,2,30,100,28,36,43.9,37.547223,-122.428752,4155733.17,550462.2216,1,neg,1,culture,1,neg,1,neg,1,pram,1,pram,1,neg,1,neg,1,neg,1,culture,0
14,1052,UMCA,2,40,100,28,36,58.4,37.547223,-122.428752,4155733.17,550462.2216,1,pram,0,na,1,neg,1,neg,1,neg,1,neg,1,neg,1,neg,1,neg,1,neg,0
14,1053,UMCA,4,5,100,30,352,21.2,37.54725535,-122.4284778,4155736.906,550486.4187,1,neg,1,culture,1,neg,1,neg,1,neg,1,neg,1,neg,1,neg,1,neg,1,neg,0
14,1054,UMCA,3,100,90.6175,6,32,5.5,37.54775475,-122.4276662,4155792.748,550557.7762,1,pram,1,culture,1,culture,1,culture,1,pram,1,pram,1,neg,1,neg,1,neg,1,culture,0
14,1058,UMCA,3,90,94.7875,16,334,31.8,37.54755802,-122.4277731,4155770.865,550548.4617,1,neg,1,pram,1,neg,1,neg,1,neg,1,neg,1,neg,1,neg,1,neg,1,neg,0
14,1061,UMCA,3,65,100,24,14,150,37.5475141,-122.4280682,4155765.833,550522.4289,1,neg,1,pram,1,pram,1,neg,1,neg,1,neg,1,neg,1,neg,1,neg,1,neg,0
14,1065,UMCA,3,40,67.6825,18,2,7.9,37.54727941,-122.428186,4155739.732,550512.177,1,neg,1,pram,1,pram,1,culture,1,culture,1,neg,1,pram,1,neg,1,neg,1,culture,0
14,2143,UMCA,4,25,12.43,17,17,15,37.54734135,-122.4286376,4155746.362,550472.2412,0,na,0,na,0,na,1,neg,1,neg,1,pram,1,neg,1,neg,1,neg,1,neg,0
14,2147,UMCA,4,10,100,24,20,11.8,37.5473012,-122.4285037,4155741.979,550484.0999,1,neg,1,culture,1,pram,1,neg,1,pram,1,pram,1,neg,1,neg,1,neg,1,neg,0
14,2151,UMCA,5,30,100,20,12,21.5,37.54713876,-122.4281947,4155724.123,550511.5087,1,neg,1,neg,1,culture,1,neg,1,pram,1,neg,1,neg,1,neg,1,neg,1,neg,0
14,2157,UMCA,5,25,,20,12,7,37.547079,-122.4281574,4155717.513,550514.8369,1,pram,1,culture,1,culture,1,neg,1,culture,1,neg,1,neg,1,neg,1,neg,1,neg,0
14,2260,UMCA,4,65,41.62,31,16,40.5,37.54753791,-122.4287509,4155768.108,550462.1056,1,neg,1,neg,1,neg,1,neg,1,neg,1,neg,1,neg,1,neg,0,na,1,culture,0
14,2261,UMCA,4,100,100,28,136,60,37.54767613,-122.4290538,4155783.28,550435.254,1,neg,1,neg,1,neg,1,neg,1,neg,1,neg,1,neg,1,neg,0,na,1,neg,0
14,2262,UMCA,5,40,90.6175,18,28,11,37.5470707,-122.428056,4155716.647,550523.8015,1,pram,1,neg,1,pram,1,culture,1,culture,1,culture,1,neg,1,neg,0,na,1,unk,0
14,2263,UMCA,5,65,82.2775,20,28,13.7,37.54712284,-122.42767,4155722.639,550557.87,1,pram,1,pram,1,pram,1,pram,1,culture,1,culture,1,pram,1,neg,0,na,1,culture,0
14,2264,UMCA,5,90,89.575,16,56,35,37.54722979,-122.4275239,4155734.583,550570.7036,1,pram,1,pram,1,culture,1,culture,1,culture,1,culture,1,neg,1,neg,0,na,1,neg,0
14,2266,UMCA,6,45,92.7025,26,359,14.8,37.54688052,-122.4287495,4155695.175,550462.6671,1,pram,1,culture,1,pram,1,pram,1,culture,1,pram,1,neg,1,neg,0,na,1,neg,0
14,2267,UMCA,6,60,88.5325,16,352,37,37.54663702,-122.4288413,4155668.11,550454.7238,1,pram,1,culture,1,culture,1,neg,1,culture,1,pram,1,pram,1,culture,0,na,1,neg,0
14,2268,UMCA,6,90,90.6175,18,122,2.5,37.54654071,-122.4289906,4155657.345,550441.6018,1,neg,1,pram,1,culture,1,pram,1,pram,1,neg,1,neg,1,pram,0,na,1,culture,0
14,2394,UMCA,4,30,42.6625,18,36,6.4,37.54734135,-122.4286376,4155746.362,550472.2412,1,neg,1,culture,1,neg,1,neg,1,pram,1,pram,1,pram,1,neg,1,neg,1,neg,0
14,2395,UMCA,3,30,100,18,334,4,37.54721277,-122.4282529,4155732.303,550506.3132,1,neg,1,neg,0,na,1,neg,1,neg,1,neg,1,neg,1,neg,1,neg,1,culture,0
14,2398,UMCA,2,20,91.66,28,24,11.4,37.54706525,-122.4287031,4155715.695,550466.6449,1,neg,1,culture,1,pram,1,neg,1,pram,1,pram,1,neg,1,neg,1,neg,1,neg,0
15,291,UMCA,2,85,100,30,216,8.9,37.52526149,-122.3931724,4153316.344,553620.8886,1,culture,1,culture,1,culture,1,neg,1,culture,1,pram,1,neg,1,neg,0,na,1,culture,1
15,292,UMCA,2,75,92.7025,48,202,69.8,37.52525462,-122.3931111,4153315.616,553626.3074,1,pram,1,culture,1,culture,1,neg,1,neg,1,neg,1,neg,1,neg,0,na,1,culture,1
15,295,UMCA,2,60,100,26,206,15.2,37.52513492,-122.3931223,4153302.33,553625.4008,1,pram,1,pram,1,pram,1,neg,1,pram,1,neg,1,neg,1,neg,1,neg,1,culture,1
15,301,UMCA,2,50,100,30,210,36.5,37.5250444,-122.3932322,4153292.225,553615.7626,1,culture,1,culture,1,culture,1,pram,1,neg,1,neg,1,neg,1,neg,1,neg,1,culture,1
15,306,UMCA,2,40,100,30,216,115,37.52497114,-122.3932358,4153284.095,553615.4969,1,pram,1,culture,1,pram,1,neg,1,neg,1,pram,1,unk,1,neg,1,neg,1,culture,1
15,307,UMCA,1,15,96.8725,26,162,79,37.52479814,-122.3934383,4153264.786,553597.7265,1,culture,1,pram,1,pram,0,na,0,na,0,na,1,neg,1,neg,1,neg,1,culture,1
15,309,UMCA,1,0,74.98,32,168,74,37.52480644,-122.3934248,4153265.714,553598.9134,1,pram,1,culture,1,culture,1,neg,1,culture,1,neg,1,neg,1,neg,1,neg,1,culture,1
15,311,UMCA,3,100,24.94,32,270,52,37.52475648,-122.3942618,4153259.695,553524.9883,1,pram,1,culture,1,culture,1,culture,1,culture,1,culture,1,culture,1,culture,0,na,1,culture,1
15,314,UMCA,3,80,74.98,20,258,12.4,37.52468289,-122.3942205,4153251.554,553528.692,1,pram,1,culture,1,culture,1,neg,1,neg,1,neg,1,neg,1,neg,1,neg,1,culture,1
15,315,UMCA,3,70,100,26,268,9.4,37.52462212,-122.394087,4153244.888,553540.5265,1,pram,1,culture,1,culture,1,neg,1,neg,1,neg,1,pram,1,neg,1,pram,1,culture,1
15,317,UMCA,3,20,100,20,218,5.4,37.5247419,-122.3936953,4153258.4,553575.0514,1,pram,1,culture,1,culture,1,neg,1,neg,1,neg,1,neg,1,pram,1,neg,1,culture,1
15,321,UMCA,1,100,96.8725,12,272,8,37.52404301,-122.3930291,4153181.241,553634.4257,1,neg,1,culture,1,pram,1,neg,1,neg,1,neg,1,neg,1,neg,1,neg,1,culture,1
15,325,UMCA,1,90,97.915,24,252,4.3,37.5242415,-122.3929235,4153203.323,553643.6086,1,culture,1,neg,1,neg,1,neg,1,neg,1,neg,1,neg,1,neg,1,neg,1,culture,1
15,329,UMCA,1,80,100,30,232,4,37.52433529,-122.3929138,4153213.734,553644.4003,1,neg,1,culture,1,pram,1,neg,1,neg,1,pram,1,neg,1,neg,1,neg,1,culture,1
15,332,UMCA,1,70,100,36,200,24,37.52435365,-122.3929403,4153215.756,553642.0464,1,pram,1,culture,1,pram,1,neg,1,neg,1,pram,1,neg,1,neg,0,na,1,culture,1
15,335,UMCA,1,60,100,34,216,62,37.52449463,-122.3929618,4153231.385,553640.0422,1,neg,1,culture,1,pram,1,neg,1,neg,1,neg,1,neg,1,neg,1,neg,1,culture,1
15,336,UMCA,1,35,37.45,22,202,130,37.52458566,-122.3931234,4153241.392,553625.7047,1,neg,1,neg,1,neg,1,neg,1,pram,1,neg,1,neg,1,neg,1,neg,1,culture,1
15,338,UMCA,1,20,94.7875,30,198,22.8,37.52476629,-122.3931517,4153261.416,553623.0721,1,neg,1,culture,1,pram,1,neg,1,neg,1,neg,1,neg,1,neg,1,neg,1,culture,1
15,339,UMCA,1,25,94.7875,30,198,13.1,37.52476629,-122.3931517,4153261.416,553623.0721,0,na,0,na,0,na,1,neg,1,culture,1,neg,1,neg,1,neg,1,neg,0,na,1
15,340,UMCA,1,10,92.7025,36,218,28.6,37.52475455,-122.3932451,4153260.06,553614.8301,1,culture,1,culture,1,pram,1,neg,1,neg,1,neg,0,na,1,neg,1,neg,1,neg,1
15,341,UMCA,1,5,92.7025,36,218,12.2,37.52475455,-122.3932451,4153260.06,553614.8301,0,na,0,na,0,na,1,neg,1,neg,1,neg,0,na,1,neg,1,neg,0,na,1
15,2001,UMCA,2,30,100,24,180,2.7,37.52489679,-122.3933451,4153275.784,553605.8851,1,culture,1,culture,1,culture,0,na,0,na,1,neg,1,neg,1,neg,1,neg,1,culture,1
15,2005,UMCA,5,20,100,32,168,6.2,37.52481289,-122.3931949,4153266.561,553619.2171,1,culture,1,culture,1,culture,1,neg,1,culture,1,neg,1,neg,1,pram,1,neg,1,culture,1
15,2007,UMCA,5,30,100,32,168,9.8,37.5248087,-122.3931518,4153266.121,553623.0347,1,culture,1,culture,1,culture,1,pram,1,culture,1,neg,1,neg,1,neg,1,neg,1,culture,1
15,2008,UMCA,1,30,47.875,30,198,16,37.5246108,-122.3932289,4153244.121,553616.3618,1,pram,1,pram,1,culture,1,neg,1,culture,1,neg,1,neg,1,neg,1,neg,1,culture,1
15,2009,UMCA,3,10,100,28,168,,37.52469873,-122.3934817,4153253.732,553593.9609,1,culture,1,pram,1,culture,1,neg,1,neg,1,neg,1,neg,1,neg,1,neg,1,culture,1
15,2013,UMCA,3,20,100,20,218,,37.5247419,-122.3936953,4153258.4,553575.0514,0,na,0,na,0,na,0,na,1,neg,1,neg,1,neg,1,neg,1,neg,0,na,1
15,2014,UMCA,3,20,100,20,218,,37.5247419,-122.3936953,4153258.4,553575.0514,0,na,0,na,0,na,1,neg,1,neg,1,neg,1,neg,1,neg,1,neg,0,na,1
15,2027,UMCA,4,20,85.405,20,212,62,37.52486385,-122.39359,4153271.99,553584.2741,1,culture,1,culture,1,culture,0,na,1,neg,1,neg,1,pram,1,neg,1,neg,1,culture,1
15,2028,UMCA,4,25,100,22,204,7,37.52492152,-122.3935146,4153278.431,553590.8909,1,pram,1,culture,1,culture,1,neg,1,neg,1,neg,1,neg,1,pram,1,neg,1,culture,1
15,2029,UMCA,2,20,100,22,172,2,37.52480535,-122.3934392,4153265.585,553597.64,1,culture,1,culture,1,culture,1,culture,0,na,1,neg,1,neg,1,neg,1,neg,1,culture,1
15,2094,UMCA,3,30,100,26,240,3.2,37.52468029,-122.3938958,4153251.45,553557.3789,1,culture,1,culture,1,culture,0,na,0,na,1,neg,1,neg,1,pram,1,neg,1,culture,1
15,2095,UMCA,1,45,100,30,210,10,37.52460284,-122.3930244,4153243.354,553634.4394,1,neg,1,pram,1,neg,1,neg,1,neg,1,pram,1,neg,1,neg,1,neg,1,culture,1
15,2237,UMCA,4,40,100,32,252,17.3,37.52499285,-122.3937157,4153286.23,553573.0721,1,pram,1,culture,1,culture,1,neg,1,pram,1,neg,1,neg,1,neg,0,na,1,culture,1
15,2238,UMCA,4,50,100,30,250,37.2,37.52506812,-122.3936659,4153294.609,553577.4178,1,pram,1,culture,1,pram,1,neg,1,culture,1,neg,1,neg,1,neg,0,na,1,culture,1
15,2239,UMCA,4,60,100,32,248,21,37.52523777,-122.3937112,4153313.405,553573.2972,1,culture,1,culture,1,culture,1,pram,1,culture,1,culture,1,pram,1,pram,0,na,1,culture,1
15,2240,UMCA,4,70,100,36,264,29.8,37.52530986,-122.3937517,4153321.38,553569.6679,1,neg,1,culture,1,culture,1,pram,1,neg,1,pram,1,neg,1,pram,0,na,1,culture,1
15,2241,UMCA,4,80,49.96,34,280,42.6,37.52538051,-122.39378,4153329.202,553567.1141,1,culture,1,culture,1,culture,1,pram,1,culture,1,pram,1,neg,1,culture,0,na,1,culture,1
15,2242,UMCA,4,90,49.96,32,270,25,37.52555813,-122.3936687,4153348.971,553576.8226,1,culture,1,culture,1,culture,1,neg,1,culture,1,unk,1,neg,1,neg,0,na,1,culture,1
15,2243,UMCA,6,30,97.915,316,210,10,37.52438282,-122.3933872,4153218.737,553602.5345,1,culture,1,culture,1,culture,1,neg,1,neg,1,neg,1,neg,1,neg,0,na,1,culture,1
15,2244,UMCA,6,45,100,24,172,36,37.52425684,-122.3933032,4153204.808,553610.0462,1,neg,1,culture,1,pram,1,neg,1,culture,1,neg,1,neg,1,neg,0,na,1,culture,1
15,2245,UMCA,6,65,72.895,16,188,15.5,37.52419548,-122.3935029,4153197.887,553592.4476,1,culture,1,culture,1,pram,1,neg,1,neg,1,culture,1,pram,1,neg,0,na,1,culture,1
15,2246,UMCA,6,80,100,14,220,28,37.52399121,-122.393516,4153175.217,553591.4309,1,pram,1,culture,1,culture,1,culture,1,culture,1,neg,1,neg,1,neg,0,na,1,culture,1
15,2247,UMCA,6,90,100,32,214,23.5,37.52388845,-122.3935489,4153163.798,553588.6008,1,culture,1,culture,1,pram,1,culture,1,culture,1,neg,1,neg,1,neg,0,na,1,culture,1
15,2248,UMCA,6,100,74.98,32,214,7,37.52388552,-122.3937297,4153163.369,553572.6268,1,pram,1,culture,1,culture,1,neg,1,culture,1,neg,1,pram,1,neg,0,na,1,culture,1
16,192,UMCA,1,100,0,16,332,8.4,37.5507776,-122.3848062,4156152.031,554341.6134,1,pram,1,culture,1,pram,0,na,1,pram,1,neg,1,pram,1,pram,1,pram,1,neg,0
16,194,UMCA,1,90,39.535,16,329,16.6,37.55076259,-122.3847888,4156150.376,554343.1648,1,pram,1,culture,1,pram,1,culture,1,culture,1,neg,1,pram,1,pram,1,pram,1,culture,0
16,199,UMCA,1,80,0,7,340,17.8,37.55065405,-122.3847211,4156138.373,554349.2255,1,pram,1,culture,1,culture,1,neg,1,pram,1,neg,1,neg,1,pram,0,na,1,neg,0
16,202,UMCA,1,70,8.26,18,320,12.6,37.55063301,-122.3846124,4156136.101,554358.8442,1,pram,1,culture,1,culture,1,neg,1,pram,1,neg,1,pram,1,pram,1,pram,1,neg,0
16,229,UMCA,2,100,92.7025,36,288,24.4,37.55112679,-122.3837312,4156191.394,554436.3211,1,pram,1,pram,0,na,0,na,1,pram,1,neg,1,pram,1,pram,1,pram,1,culture,0
16,238,UMCA,2,85,0,38,284,19.1,37.55104314,-122.3838026,4156182.072,554430.0742,1,pram,1,culture,1,pram,1,neg,1,culture,1,pram,1,pram,1,neg,1,neg,1,neg,0
16,241,UMCA,2,85,12.43,38,284,25.3,37.55104314,-122.3838026,4156182.072,554430.0742,0,na,0,na,0,na,0,na,0,na,0,na,0,na,0,na,0,na,1,neg,0
16,252,UMCA,2,70,0,30,284,11.2,37.55092202,-122.3838783,4156168.59,554423.4765,1,pram,1,culture,1,culture,1,neg,1,culture,1,neg,1,pram,1,neg,0,na,1,culture,0
16,256,UMCA,2,60,95.83,34,296,10.4,37.5508382,-122.3839415,4156159.254,554417.9549,0,na,1,culture,0,na,1,neg,1,pram,1,neg,1,pram,1,pram,1,pram,1,culture,0
16,257,UMCA,2,60,100,34,296,13.1,37.5508382,-122.3839415,4156159.254,554417.9549,1,pram,1,culture,1,pram,1,pram,1,neg,1,pram,1,pram,1,pram,0,na,1,culture,0
16,2274,UMCA,1,50,87.49,20,304,3.4,37.55061071,-122.3844176,4156133.74,554376.0665,0,na,0,na,0,na,0,na,0,na,0,na,1,neg,1,pram,0,na,0,na,0
16,2433,UMCA,2,90,95.83,36,288,2.2,37.55106183,-122.3837381,4156184.183,554435.7615,1,pram,1,culture,0,na,0,na,1,pram,1,neg,1,pram,1,neg,0,na,1,neg,0
16,2434,UMCA,2,40,92.7025,32,320,11.5,37.55076217,-122.3838987,4156150.844,554421.7934,1,pram,1,culture,1,pram,1,neg,1,pram,1,neg,1,pram,1,pram,0,na,1,culture,0
16,2435,UMCA,2,30,45.79,32,320,22,37.55074407,-122.3840054,4156148.774,554412.3816,1,pram,1,culture,1,pram,1,neg,1,neg,1,neg,1,pram,0,na,0,na,1,culture,0
16,2436,UMCA,3,50,0,22,204,1.8,37.54980194,-122.3840973,4156044.196,554404.9444,1,culture,1,culture,1,culture,0,na,1,pram,1,neg,1,pram,1,pram,1,pram,1,culture,0
,,,,,,,,,,,,,,,,,,,,,,,,,,,,,,,,,
,,,,,,,,,,,,,,,,,,,,,,,,,,,,,,,,,
,peak 2021,,,,late 2011,,,,,,,,,,,,,,,,,,,,,,,,,,,,
,,,,,#sampled,320,,,,,,,,,,,,,,,,,,,,,,,,,,,
,,,,,not sampled,68,,,,,,,,,,,,,,,,,,,,,,,,,,,
,,,,,,388,,,,,,,,,,,,,,,,,,,,,,,,,,,
,,,,,,,,,,,,,,,,,,,,,,,,,,,,,,,,,
,culture,222,,,culture,145,,,,,,,,,,,,,,,,,,,,,,,,,,,
,pcr,,,,pcr,126,,,,,,,,,,,,,,,,,,,,,,,,,,,
,neg,138,,,neg,48,,,,,,,,,,,,,,,,,,,,,,,,,,,
,na,24,,,na,56,,,,,,,,,,,,,,,,,,,,,,,,,,,
,unk,4,,,unk,13,,,,,,,,,,,,,,,,,,,,,,,,,,,
,,,,,,388,,,,,,,,,,,,,,,,,,,,,,,,,,,